planet_name,planet_radius,planet_mass,orbital_period,semi_major_axis,equilibrium_temperature,star_temperature,star_luminosity,star_metallicity,insolation_flux,star_mass,orbital_eccentricity,planet_density,habitability_index,stellar_compatibility,orbital_stability,star_G,star_K,star_M,target
BD+05 4868 A b,-0.20763288297082086,-0.7183330003573483,-1.1008148504711903,-1.3949484585369056,2.7960340402808197,-0.4155686169561578,-0.5085735733595531,-0.5969223186541688,0.10141973546986345,-0.47565285185589135,0.12013348546699863,-0.12579826377877945,-0.8777467013213986,-0.5900541609415668,-0.8081790206904916,False,True,False,0
DS Tuc A b,0.5733569009362492,0.042135109911559346,0.09040066980519462,-0.14689611950302495,-0.221232903455764,0.49927401075690964,0.33682729386663396,-0.2800345413428101,0.10141973546986345,0.7052403742583824,-0.9609481331566938,-0.12579826377877945,0.3510123638446855,0.3234708808604599,0.44590404648336257,True,False,False,0
GJ 1252 b,-0.8770802822140578,-0.8586651757444638,-1.231559186871895,-0.14689611950302495,-0.16524238285034284,-1.666879807265618,-1.4311095562085672,0.35374101327990753,0.10141973546986345,-1.6908300748573533,-0.9609481331566938,1.666159279307415,1.269050745865323,-1.3962483684784932,-1.692218390716445,False,False,True,0
GJ 238 b,-1.0788606491621924,0.042135109911559346,-1.0187858995543777,-1.381258088491381,-0.5074066754390276,-1.6371914046835832,-1.3064592093620782,0.6706287905912662,0.10141973546986345,-1.5449326214374284,0.12013348546699863,-0.12579826377877945,0.32994455994959615,-1.3291744632930722,-0.4540718193399391,False,False,True,0
GJ 357 b,-0.8748275508446209,0.042135109911559346,-0.6395655651558521,-0.9110097964625438,-1.253946950177976,-1.6151999953635576,-1.5977214059538742,-1.0405652068900713,0.10141973546986345,-1.8393940613685036,0.12013348546699863,-0.12579826377877945,1.7256724007402602,-1.4719826608112312,0.0005290095987856324,False,False,True,0
HD 108236 b,-0.7412727625137184,0.042135109911559346,-0.6629230315663318,-0.6158708887369296,-0.16524238285034284,0.7543743588692072,0.06839709149919512,-2.0546060942864193,0.10141973546986345,0.16812442302576114,0.12013348546699863,-0.12579826377877945,1.4623488274130014,0.2043597574156459,-0.4259438164328312,False,True,False,0
HD 108236 c,-0.5945234047332568,0.042135109911559346,-0.2452609224975007,-0.08321997975639833,-0.16524238285034284,0.7543743588692072,0.06839709149919512,-2.0546060942864193,0.10141973546986345,0.16812442302576114,-0.14413091019657054,-0.12579826377877945,0.017536883196163464,0.2043597574156459,-0.1531407540364509,False,True,False,0
HD 108236 e,-0.26884281246609226,0.042135109911559346,2.077105880620024,2.2950838397801037,-0.16524238285034284,0.7543743588692072,0.06839709149919512,-2.0546060942864193,0.10141973546986345,0.16812442302576114,0.4324459530693988,-0.12579826377877945,0.31060298207198234,0.2043597574156459,0.5750139530915307,False,True,False,0
HD 109833 b,-0.3315974720432634,0.042135109911559346,0.2726044173436693,-0.14689611950302495,-0.16524238285034284,0.9973794318554908,0.4479018603635053,-0.7236774295787125,0.10141973546986345,0.9718936833809605,3.363378341338076,-0.12579826377877945,0.4922490380017068,0.6108244940739087,0.7405982603705713,False,True,False,0
HD 135694 b,-0.3415738538221982,0.042135109911559346,1.4410154656501155,1.912867810950978,-0.16524238285034284,0.811552023101274,0.6947342303565528,0.10023079143082045,-4.1859243603765135,0.7433337041330363,0.12013348546699863,-0.12579826377877945,0.43220383528022827,0.7384391232286146,0.312256703680494,False,True,False,0
HD 15337 c,-0.4480958657198579,-0.7013090971136654,1.6590980164425964,-0.14689611950302495,-0.16524238285034284,0.17270158235452857,0.0005181897511070625,-0.08990187495599482,0.10141973546986345,0.01575110352714506,1.3453593199071836,0.058415918167386324,-0.07662089957518406,-0.051266136166350756,2.9830968190779084,False,True,False,0
HD 183579 b,-0.13786257427168913,-0.3099893752554959,1.7095378403506971,2.1518125253501945,-0.5260701823075012,0.8907210966533664,0.3244856753669816,-0.5208692520994428,0.10141973546986345,0.6519097124338668,0.5045180609776448,0.3226032628186921,0.6185773965532646,0.4653058816651041,0.3873201930096623,False,True,False,0
HD 219666 b,0.3152582497521918,-0.39050783654318505,-0.27457654919379715,-0.14689611950302495,0.48175918859007916,0.6224259029490533,0.6299407332333775,0.10023079143082045,0.10141973546986345,0.7433337041330363,0.2402536653140757,-1.1682265131568272,0.26077782202214456,0.6045580999349741,-0.14440584611056154,False,True,False,0
HD 235088 b,-0.6231652750018118,-0.7772840166572637,-0.03175610203075214,0.1905874211540958,-0.16524238285034284,0.11112563625845673,-0.25557039411667937,-0.4067896522673536,0.10141973546986345,0.09193776327645309,-0.9609481331566938,0.5624416589141698,-0.29004520719023824,-0.2591584149884731,-0.06486030248632992,False,True,False,0
HD 25463 b,-0.4418660529724362,-0.6464415170647687,-0.0985460309868628,0.3625129984699876,0.8626813637756278,1.5163766918080963,1.7382180745021598,-0.3941141411748992,0.10141973546986345,1.623289624237543,-0.9609481331566938,0.5378234482684161,-1.085678471608124,1.9974191288117944,-0.27610338770205956,False,True,False,0
HD 28109 b,-0.39531758792162164,-0.7183330003573483,2.6497840744858965,-0.14689611950302495,-0.1683529673284218,1.336047135383886,1.7591988259515692,0.35374101327990753,0.10141973546986345,1.5318656325383742,-0.7903774777738445,-0.40620871358730537,-1.1751283652409044,1.9129958206852498,4.585420882266779,False,False,False,0
HD 332231 b,1.658862238348028,1.234239685869115,1.9247860958218805,2.5593398197286037,-0.38205012097244595,1.2689733369578078,1.2686194905903876,-0.0075110528550415495,0.10141973546986345,1.2926395209255463,-0.9609481331566938,-1.396598480803217,-0.21785757373220535,1.442671918805061,0.33496868438690425,False,True,False,0
HD 6061 b,-0.479751385305255,-0.6090579457526272,-0.4098197095040007,-0.14689611950302495,0.4796128853002045,1.0556566665535587,0.47011677366287985,-0.5969223186541688,0.10141973546986345,0.7696181017465472,-0.9609481331566938,1.3118396342478142,0.4640017031703022,0.6532466528907878,-0.36314655451899414,False,True,False,0
HD 63433 c,-0.39467395038749675,-0.4497751753695878,2.2425761738563663,-0.14689611950302495,-0.7533916959655113,0.63672031900707,0.24426515511924146,-0.7236774295787125,0.10141973546986345,0.49953639293525065,0.12013348546699863,1.7524498490250175,0.23331513538050153,0.303045272242109,3.9268075782822374,True,False,False,0
HD 63433 d,-0.9156985342615476,0.042135109911559346,-0.5912543991416186,-0.45572539727416383,0.3697781473792369,0.7851623319172432,0.1763862533711534,-0.08990187495599482,0.10141973546986345,0.6290537145090743,2.8828976219497684,-0.12579826377877945,3.745792756846641,0.30346805442093105,-0.42884289738377396,True,False,False,0
HD 63935 b,-0.32266621601948975,-0.5946796490941113,0.2501001489382457,0.5853794875831808,-0.2983131868225603,0.5927375003670187,0.323868594441999,0.39810530210349776,0.10141973546986345,0.44087266492828364,-0.9609481331566938,0.06825556855873305,0.4247692936822407,0.3495226832660411,-0.00016259949083014165,False,True,False,0
HD 86226 c,-0.5658815344647018,-0.6881385773744648,-0.6302286158609924,-0.49711488810947096,1.2127465409386329,0.9775871634674678,0.6114283054838989,-0.16595494151072093,0.10141973546986345,0.7395243711455706,0.8408545645494603,1.4042140533229142,0.24116161727811383,0.7405570226338457,-0.4686543794272148,True,False,False,0
HD 93963 A b,-0.7880833360775547,-0.8161054176352566,-1.1414550586021857,-1.400997691812835,2.8651823332285145,1.0270678344375255,0.5438579441983021,0.4171185687421793,0.10141973546986345,0.988654748525808,-0.9609481331566938,2.1397685353488014,2.2968077396973774,0.7042171660092733,-0.9900453037829969,False,True,False,0
HD 93963 A c,-0.25701257115218074,-0.36750256188955965,-0.6890887129885326,-0.552513129689036,0.9061984406239523,1.0270678344375255,0.5438579441983021,0.4171185687421793,0.10141973546986345,0.988654748525808,-0.9609481331566938,0.8919365422202133,0.3202541548060459,0.7042171660092733,-0.5391147999476555,False,True,False,0
HIP 113103 b,-0.6724035463623613,0.042135109911559346,-0.0011932067176700673,0.1393281286580614,-0.6224983011279488,-0.04831208131172931,-0.3481325328640722,-0.9138100959655278,0.10141973546986345,-0.24328353962050184,3.1231379816439224,-0.12579826377877945,0.18619701158533947,-0.3743111627296833,0.019500971893561515,False,True,False,0
HIP 113103 c,-0.4886450303697222,0.042135109911559346,1.149937967918163,1.2791310301226768,-1.0455377901466862,-0.04831208131172931,-0.3481325328640722,-0.9138100959655278,0.10141973546986345,-0.24328353962050184,3.1231379816439224,-0.12579826377877945,-0.3442251646932515,-0.3743111627296833,0.4510713352733976,False,True,False,0
HIP 67522 b,1.9530588983600174,0.042135109911559346,-0.1141022698146336,0.3243073146220119,0.7897070519198954,0.7708679158592265,1.6203556178304797,0.10023079143082045,0.10141973546986345,1.5052003016261157,0.5765901688858911,-0.12579826377877945,-0.9405185565022967,1.4752234875669428,-0.27123435205920593,False,True,False,0
HIP 67522 c,1.2929302571179746,0.042135109911559346,1.1654204410298399,1.8525346685410495,-0.012823743424474197,0.7708679158592265,1.6203556178304797,0.10023079143082045,0.10141973546986345,1.5052003016261157,0.8889026364882912,-0.12579826377877945,-0.7522029909596015,1.4752234875669428,0.12764258207692056,False,True,False,0
HIP 8152 b,-0.44479451042526164,-0.6406901984013623,0.5436722588491816,0.9037601863163135,-0.3924394731292294,0.7081923992971534,0.32541129675445574,-0.23567025251921986,0.10141973546986345,0.42830186606964793,-0.9609481331566938,0.618920052575893,0.4659633236447059,0.39542955993251444,0.10859575049542397,False,True,False,0
HIP 9618 b,-0.028965131163274857,-0.6579441543915814,2.2823093690125678,2.5593398197286037,-0.8717183295116344,0.7422790837431932,0.32232589212954266,-0.3941141411748992,0.10141973546986345,0.446205731110735,-0.9609481331566938,-1.1766214595843998,0.6660486120338189,0.40611890268706485,0.5742461882522722,False,True,False,0
HR 858 b,-0.6160852621264387,-0.7945379726474827,-0.6994721049525052,-0.5009354564942686,1.9623974001556603,1.5174762622740976,1.243936253591083,-0.12159065268713068,0.10141973546986345,1.4442509738266693,-0.9609481331566938,0.14735875480885396,-0.5635735661410026,1.5469422355366766,-0.6027652530966152,False,True,False,0
HR 858 c,-0.6241307313029991,-0.7873488243182247,-0.28509024555419077,0.13009508839480058,1.206525371982475,1.5174762622740976,1.243936253591083,-0.12159065268713068,0.10141973546986345,1.4442509738266693,-0.9609481331566938,0.36947395039584596,-0.4034268706107364,1.5469422355366766,-0.37368297581986437,False,True,False,0
HR 858 d,-0.617050718427626,-0.6924520663720196,0.6268576764641449,1.2730817968467476,0.4351004214188949,1.5174762622740976,1.243936253591083,-0.12159065268713068,0.10141973546986345,1.4442509738266693,-0.9609481331566938,2.1572984877328354,-0.3449705804735243,1.5469422355366766,-0.03006235496899707,False,True,False,0
IRAS 04125+2902 b,2.1947453427339836,0.042135109911559346,0.21126923062313713,0.3943510683433009,-0.2087905655434482,-0.9829469774128199,1.8363339415743962,0.10023079143082045,0.10141973546986345,-0.47565285185589135,0.12013348546699863,-0.12579826377877945,-1.2065142928313535,0.6263353706554292,0.09407801531574785,False,True,False,0
L 168-9 b,-0.7364454810077822,-0.7795845441226261,-1.078321331180934,-1.3949484585369056,0.23913359929992092,-1.2446447483211251,-0.7739183711020788,-0.4701672077296254,0.10141973546986345,-0.8032554887779154,-0.9609481331566938,2.399452999830526,0.23645372813954654,-0.9670446867517215,-0.7032345337596364,False,False,True,0
LHS 3844 b,-0.841680217837192,0.042135109911559346,-1.2411535823325868,-1.859147517289813,-0.3612092049693168,-2.130898543918159,-2.0543612904410113,0.10023079143082045,-6.463575911294903,-2.566976661974395,0.12013348546699863,-0.12579826377877945,-0.16599232838898764,-1.7411544244958213,-0.5846308069486925,False,False,True,0
LHS 475 b,-0.9420876731606657,0.042135109911559346,-0.9694489008594414,-0.14689611950302495,-1.0424272056686072,-1.8406119408938206,-1.7769834146613248,0.10023079143082045,0.10141973546986345,-2.1441407003657353,0.12013348546699863,-0.12579826377877945,1.5511317700844849,-1.5875674972572122,-1.2682842744772567,False,False,True,0
LP 714-47 b,0.25153813387383367,-0.010920804758364506,-0.618498097457601,-0.729532798184658,-0.6878205751676068,-1.1258911379929866,-0.8356264636003407,2.3184452326103315,0.10141973546986345,-0.8946794804770851,1.3305619921751105e-05,-0.5049277685590442,-1.2116145060648018,-0.9731462224309894,-0.20170247674858957,False,False,True,0
LTT 9779 b,0.25797450921508186,-0.05348056286757167,-1.18405578320645,-1.522619118728892,3.2875063878172934,0.5157675677469289,0.29054622449293754,1.4311594561385275,0.10141973546986345,0.7433337041330363,-0.9609481331566938,-0.585446563999354,0.12264050821467953,0.29369664534247536,-1.0434306038893801,True,False,False,0
TIC 257060897 b,4.294170866630752,4.897921984273785,-0.6865042256464537,-0.4901105127373421,2.6560577387672666,1.1205313240476344,3.110606051663503,0.0622042581534574,0.10141973546986345,1.379492313039758,-0.02401073034949366,-1.6677162111609207,-2.935800438246125,2.952505520097216,-0.5857276344506681,False,False,False,0
TIC 434398831 b,-0.13142619893044094,0.042135109911559346,-0.6820859836689127,-0.5795754890813524,1.0230008877758168,0.730183808617179,0.16713003949641414,-0.7933927405872113,0.10141973546986345,0.6366723804840051,1.3305619921751105e-05,-0.12579826377877945,0.08191726716607198,0.2757638561747256,-0.5006897545709389,True,False,False,0
TIC 434398831 c,0.55082958724188,0.042135109911559346,-0.24407393983166223,0.03521764017232711,0.4008839921600264,0.730183808617179,0.16713003949641414,-0.7933927405872113,0.10141973546986345,0.6366723804840051,-0.6486356655542939,-0.12579826377877945,0.1576750498875188,0.2757638561747256,-0.24673651439446612,True,False,False,0
TIC 88785435 b,0.35773832700443087,0.042135109911559346,0.5016592832325809,0.6274057398159544,-0.8900085662427387,-1.073111755624925,0.17330084874624033,-0.787054985040984,0.10141973546986345,-0.3842288601567217,2.186200578836722,-0.12579826377877945,0.23849381343292517,-0.3813495553544747,0.2605901363765349,False,True,False,0
TOI-1130 b,-0.0831533838710785,-0.327243331245715,-0.6145917413209909,-0.6149157466407301,-0.2989975154077378,-0.6750672469324606,-0.48697574098516144,0.4171185687421793,0.10141973546986345,-0.30423286741994826,0.2921936310799517,-0.020845534507448124,-0.7541646114340053,-0.648694137777762,-0.3233416691986904,False,True,False,0
TOI-1136 b,-0.20763288297082086,-0.7959758023133343,-0.597564906956567,-0.4315284641704456,0.9172410155211325,0.8753271101293484,0.34916891236628633,0.16360834689309225,0.10141973546986345,0.7509523701079671,-0.31229916198247837,-0.12579826377877945,0.3316315535575834,0.4798063354293146,-0.4618055124356492,False,True,False,0
TOI-1136 c,-0.20763288297082086,-0.7148822091593044,-0.23590124670026977,0.07278656262283681,0.43821100589697387,0.8753271101293484,0.34916891236628633,0.16360834689309225,0.10141973546986345,0.7509523701079671,1.6816958234789992,-0.12579826377877945,0.39377569018667213,0.4798063354293146,-0.2629420430808619,False,True,False,0
TOI-1136 d,-0.20763288297082086,-0.6565063247257298,0.8505470059764042,1.3240227086440488,-0.24300699480231666,0.8753271101293484,0.34916891236628633,0.16360834689309225,0.10141973546986345,0.7509523701079671,0.048061377558752574,-0.12579826377877945,0.5479590594747531,0.4798063354293146,0.14710752691964113,False,True,False,0
TOI-1136 e,-0.20763288297082086,-0.7220713574885624,1.940222075020309,-0.14689611950302495,-0.5727289494786856,0.8753271101293484,0.34916891236628633,0.16360834689309225,0.10141973546986345,0.7509523701079671,0.06007339554346028,-0.12579826377877945,0.3667053276399101,0.4798063354293146,3.437783589062409,False,True,False,0
TOI-1194 b,1.5441699269922526,2.5541673191208774,-0.9206031242367531,-0.9746859362091702,1.067451139967565,0.461888614912866,0.32695399906691214,1.925504388744247,0.10141973546986345,0.6042930500905495,-0.9609481331566938,-1.026385251482191,0.2364537281395461,0.3012961771651959,-0.6934854862727087,False,True,False,0
TOI-1199 b,2.1226001370432503,1.287755397473865,-0.6845218830566705,-0.4690973866209553,1.7570988246024495,0.8093528821692714,1.8363339415743962,2.5085778989971472,0.10141973546986345,1.54329363150077,-0.2402270540742322,-1.549489368090097,-1.3129125873629757,1.6737627078104085,-0.5984357913576761,False,True,False,0
TOI-1224 b,-0.5839033854201972,0.042135109911559346,-0.5965978162125278,-0.9269288313992005,-1.1824035071821601,-1.8120231087777872,-1.3909992960846969,0.10023079143082045,0.10141973546986345,-1.6184527480955107,0.12013348546699863,-0.12579826377877945,-1.4653392165373142,-1.3999594564925977,0.14387582405239843,False,True,False,0
TOI-1224 c,-0.33288474711151306,0.042135109911559346,1.7917999721212297,-0.14689611950302495,-0.16524238285034284,-1.8120231087777872,-1.3909992960846969,0.10023079143082045,0.10141973546986345,-1.6184527480955107,-0.9609481331566938,-0.12579826377877945,-1.8460025674867544,-1.3999594564925977,3.1977274127859334,False,True,False,0
TOI-1233.01,-0.44391222174804634,0.042135109911559346,1.1378004542890983,1.3622283924920247,-0.16524238285034284,0.7543743588692072,0.06839709149919512,-2.0546060942864193,0.10141973546986345,0.16812442302576114,0.36037384516115256,-0.12579826377877945,0.1956520222719619,0.2043597574156459,0.38448496356824435,False,True,False,0
TOI-1243 b,-0.5111723440640912,-0.6751981103818006,-0.5131163642185838,-0.14689611950302495,-1.4654666946873447,-1.6042042907035448,-1.0608610012189963,-1.5475856505882453,0.10141973546986345,-1.18037945453699,0.12013348546699863,0.9043713308130868,0.2902021291381909,-1.199443264236842,-0.5302173577793083,False,False,True,0
TOI-1246 c,-0.472200586973734,-0.6349388797379558,-0.29718699026678774,-0.11505804962971165,-0.18238170332455783,0.26286636056663376,0.031063695537746724,0.7847083904233554,0.10141973546986345,0.24393014947632266,-0.9609481331566938,0.9460569472630022,-0.03385757323319745,0.0026756847868821734,-0.2081339857738484,False,True,False,0
TOI-1246 d,-0.15672199396852882,-0.7413382750109738,1.914871442306436,2.145444911375532,-1.0369214711424077,0.26286636056663376,0.031063695537746724,0.7847083904233554,0.10141973546986345,0.24393014947632266,-0.9609481331566938,-1.2410569693003615,0.24469253413203898,0.0026756847868821734,0.5416477715902978,False,True,False,0
TOI-1248 b,0.9300884665803213,-0.1086932220362729,-0.5650441321384299,-0.4334387483628446,0.09632666591131633,0.2540697968386235,0.04247969264992527,1.13328494546585,0.10141973546986345,0.3022129441845432,-0.9609481331566938,-1.452575840117205,-0.05857399121067561,0.008144066484092431,-0.3983060459263058,False,True,False,0
TOI-1249 b,-0.20833119751346962,-0.5544204184502667,0.9475685264167526,1.413169304289326,-0.6041769585520638,0.5751443729109982,0.381565660927874,1.602278855886661,0.10141973546986345,0.6907649089060137,-0.9609481331566938,-0.3091481429317509,0.6001381640938752,0.38827199945878654,0.1825022224484829,False,True,False,0
TOI-125 c,-0.37311209299431497,-0.7059676652310246,0.26602309983252476,0.5344385757858794,-0.29028787886911683,0.38052040042877106,-0.021079642623284593,-0.4067896522673536,3.5714888630455266,0.1300310931511071,0.624638240824722,-0.41899068002681017,-0.02012622991237572,0.0038440083277923873,0.05493770065053669,False,True,False,0
TOI-1266 b,-0.45002677832223226,-0.7683694727289837,0.5685648918206094,0.26699878885004763,-1.574337151420108,-1.5514249083354832,-1.3317595272863656,-0.9708498958815721,0.10141973546986345,-1.477507427559291,-0.02401073034949366,-0.5860400266959899,0.4735264603626812,-1.3272100772492077,0.6748997160043261,False,False,True,0
TOI-1266 c,-0.6238089125359367,-0.8054654781079548,1.9405169990968845,1.2858170247960727,-1.7889674804075557,-1.5514249083354832,-1.3317595272863656,-0.9708498958815721,0.10141973546986345,-1.477507427559291,0.7447584206717986,-0.00039914794045542657,1.6174781336854065,-1.3272100772492077,1.1771643853965625,False,False,True,0
TOI-1268 b,1.6675407089484617,1.8755117168389255,0.0937734562418554,0.20650645609075244,-0.00691363291612426,0.3585289911087454,0.20106949037045815,2.0015574552989728,0.10141973546986345,0.5147737248851123,1.5615756436319221,-1.26693074409452,0.22193773662896324,0.16544075223309873,0.09400632738092674,False,True,False,0
TOI-1269 b,-0.4881806909434785,-0.712581681693942,-0.583635590774509,-0.4780120461854831,0.26059663219866563,0.5773435138430008,-0.008429483661140944,-0.5905845631079416,0.10141973546986345,0.29649894470334487,-0.9609481331566938,0.2423338829624448,-0.12880000419430612,0.08110496976726414,-0.3940544766794345,False,True,False,0
TOI-1273 b,2.3101776731264314,1.1323811392852239,-0.5180054941207168,-0.30927027585692274,0.9016880931307377,0.7873614728492457,0.633026137858291,0.16360834689309225,0.10141973546986345,0.8957070236316524,0.36037384516115256,-1.611453376845311,0.23684605223442623,0.6774769465842152,-0.41740588157632413,False,True,False,0
TOI-1279 b,-0.40450059633049296,-0.5918039897624081,0.346450630362011,0.6490556273298074,-0.5042960909609486,0.5311615542709468,-0.03774082759781516,-0.7807172294947569,0.10141973546986345,0.20393215310793572,-0.9609481331566938,0.6945610085986875,-0.02718806362022687,0.042270299436529844,0.06660484399434438,False,True,False,0
TOI-1288 b,0.33793537330081613,0.37154188635815927,-0.8530857563715328,-0.866436498639905,0.878172074476461,0.4552911921168583,0.3192404875046296,1.348768634037574,0.10141973546986345,0.49648892654527865,-0.9609481331566938,-0.220864987415221,0.2399846449934717,0.2927719311974754,-0.6223086175324083,False,True,False,0
TOI-1294 b,1.996986197825924,0.94092243403539,-0.6422212697230336,-0.4334387483628446,1.4670057161768064,0.8181494458972817,2.165238074590132,1.5135502782394803,0.10141973546986345,1.268259789805768,-0.9609481331566938,-1.5665126901267687,-1.7267360426430478,1.9490314868616627,-0.5451594591281271,False,True,False,0
TOI-1296 b,3.281931410838623,1.8438794641901906,-0.6371760555904921,-0.4334387483628446,1.535749633142351,0.652114305531088,2.6172498521398997,2.286756454879196,0.10141973546986345,1.267497923208275,-0.9609481331566938,-1.6916432388420777,-2.301490841643148,2.2062988300370963,-0.5355593762682828,False,True,False,0
TOI-1298 b,1.8471382144831772,1.9502788594632081,-0.5343396038746915,-0.24241032912296467,1.1100972531620275,0.8555348417413253,1.8474413982240834,2.2360544105093787,0.10141973546986345,1.5002481687424105,-0.9609481331566938,-1.3483663972516617,-1.2991027792231782,1.7099283994493653,-0.49753899969286347,False,True,False,0
TOI-1301.01,-0.4638649853059162,0.042135109911559346,-0.26383104094785315,-0.15116242086604878,-0.16524238285034284,-0.16926483257187044,-0.37898657911320316,0.10023079143082045,-3.1810780879125202,-0.20899954273331323,0.12013348546699863,-0.12579826377877945,-0.55970525056548,-0.4318432198100554,-0.12319728555269245,False,True,False,0
TOI-1346 b,-0.4918632180403463,0.042135109911559346,-1.0157405655850906,-0.14689611950302495,1.2531841391536593,0.1375153274424875,-0.23088715711737462,-0.34341209680508183,0.10141973546986345,-0.018532893360043556,0.12013348546699863,-0.12579826377877945,-0.37086397073564464,-0.23286969502230695,-1.343155872510523,False,True,False,0
TOI-1346 c,-0.5433542207703328,0.042135109911559346,-0.3668548230590667,-0.14689611950302495,0.021392685834394274,0.1375153274424875,-0.23088715711737462,-0.34341209680508183,0.10141973546986345,-0.018532893360043556,0.12013348546699863,-0.12579826377877945,-0.37086397073564464,-0.23286969502230695,-0.2936556488340309,False,True,False,0
TOI-139 b,-0.47043008815398946,0.042135109911559346,0.5991589276464826,-0.14689611950302495,-1.119663018259308,-0.4441574490721912,-0.4755597438729829,-1.788420361344878,0.10141973546986345,-0.5137461817305453,0.12013348546699863,-0.12579826377877945,-0.47995731384126605,-0.5763341258533581,1.268763712536636,False,True,False,0
TOI-1408 c,-0.5465724084409569,-0.6780737697135036,-0.9456273627402334,-0.9151487455460745,-0.16524238285034284,1.2568780618317936,2.0831663115674437,1.3044043452139837,0.10141973546986345,1.8556589364729328,2.289503933505208,1.2923139350081438,-1.6817364689602419,2.1521668900537647,-0.8208338543210951,False,False,False,0
TOI-1410.01,-0.26310475488568036,-0.5371664624600476,-1.1103563382873922,-1.398132265524237,0.9816301142173669,-0.3726853687821078,-0.30555394904027144,1.7987492778197036,0.10141973546986345,-0.11719461773539708,-0.9609481331566938,0.04870614829347815,-0.6199897709848348,-0.44296983633383336,-0.8479371030686951,False,True,False,0
TOI-1442 b,-0.8844821138564933,0.042135109911559346,-1.2504977191006774,-1.8311300158012975,0.46931685067776335,-1.807624826913782,-1.6810273308265273,0.10023079143082045,0.10141973546986345,-2.0374793767167043,0.12013348546699863,-0.12579826377877945,0.8339633246427217,-1.5379637139495088,-0.8676485036789486,False,True,False,0
TOI-1450 A b,-0.8973548645389899,-0.8604480845301198,-0.9668744912465438,-0.14689611950302495,-0.6193877166498698,-1.6899707870516447,-1.1472523307165627,-1.0405652068900713,0.10141973546986345,-1.313706109098279,0.12013348546699863,2.092661257400023,1.8771530929302762,-1.2597557567364273,-1.2641204544277471,False,False,True,0
TOI-1451 b,-0.4205999856444367,-0.45952366050406157,1.5476163685277802,1.986254562008965,-0.6152506392940247,0.9094137945753882,0.4978854152870974,-0.15961718596449376,0.10141973546986345,0.6755275769561521,-0.9609481331566938,2.009764301328759,0.6915496782010587,0.6170182973104414,0.3546930280312907,False,True,False,0
TOI-1453 c,-0.5452851333727072,-0.8117919286377019,-0.17842606099090014,-0.14689611950302495,-0.3151725546937485,0.0011685896583284237,-0.4160114346121603,-2.2447387606732345,0.5033582444554572,-0.4185128570439103,-0.9609481331566938,-0.6335617203986674,-0.6062584276640134,-0.40801851338083933,0.011106830871237308,False,True,False,0
TOI-1472 b,0.04493048541976279,-0.3775673695505207,-0.21751433699461792,-0.01954384000977171,-0.09369893985452694,0.1386148979084888,-0.04576287962258935,1.4311594561385275,0.10141973546986345,0.17193375601322652,0.024037341589337163,-0.6248203823634031,-0.11977655001205167,-0.0969146459457661,-0.16370886981668079,False,True,False,0
TOI-1648 b,-0.44359040298098396,-0.6838250883769101,-0.04954358028561283,0.1523817373061201,-0.37987271183779053,-0.13627771859183194,-0.13832501836998182,0.9875165679026251,0.10141973546986345,0.01956043651461046,3.315330269399245,0.1946754349943584,-0.2162882773526826,-0.2544608352237839,-0.05907977319991401,False,True,False,0
TOI-1669 c,-0.5219861948205526,-0.5227881658015316,-0.856516313230252,-0.8600688846652425,1.132369038025073,0.5751443729109982,0.6209930598211298,1.4565104783234362,0.10141973546986345,0.6164829156504386,-0.9609481331566938,3.003278122067012,0.18427462352042404,0.5773128906852113,-0.6376271533138033,False,True,False,0
TOI-1693 b,-0.8072456097615136,0.042135109911559346,-1.0149699636699503,-1.3376399327649418,-0.48874316857055383,-1.6217974181595654,-1.2182166370895637,0.10023079143082045,0.10141973546986345,-1.275612779223625,0.12013348546699863,-0.12579826377877945,0.541681873956664,-1.2821494740090222,-0.5215569728136201,False,True,False,0
TOI-1694 b,0.45821870646052076,0.003457491900151425,-0.6674086532862853,-0.6244671676027242,0.06864246405641372,0.09243293833643491,-0.15807160796942582,0.5502114352129499,0.10141973546986345,0.1071750952263147,-0.9609481331566938,-0.9175273522017894,-0.337124098575912,-0.19414178383924438,-0.42714701888902795,False,True,False,0
TOI-1736 b,-0.23706148748827502,-0.5429177811234539,-0.09439389900361515,0.26699878885004763,0.5557599933235773,0.7279846676851764,1.7703062826012566,0.6579532794988118,0.10141973546986345,0.8092351648161881,-0.9609481331566938,-0.12015751109060668,-1.1382499003221271,1.5727601339234076,-0.2064113588006301,False,True,False,0
TOI-1743 b,-0.6720817275952989,0.042135109911559346,-0.5813707993965899,-0.9145119841486082,-1.3565962379545815,-1.86590206161185,-1.5946360013289607,1.1142716788271685,0.10141973546986345,-1.8508220603308998,0.12013348546699863,-0.12579826377877945,-0.2929396871791355,-1.5045816485386623,0.16351618242794647,False,False,True,0
TOI-1749 d,-0.45002677832223226,-0.4652749791674679,0.24852022331155882,0.19377122814142722,-1.2072881830067919,-1.0874061716829417,-0.9405302208473856,-1.9278509833618758,0.10141973546986345,-0.9327728103517391,0.5285420969470603,2.3883080054784607,-0.6454690413690258,-1.0241326895939595,0.317341427965136,False,False,True,0
TOI-1753 b,-0.4633741054859528,-0.4192644298602169,-0.38731693306743514,-0.17873418937633828,0.26224524197204735,0.7114911106951572,0.3599678285534823,-0.11525289714090352,0.10141973546986345,0.47020452893176734,-0.9609481331566938,3.0789426199628465,0.3765134300119252,0.4246060062670475,-0.30114269554442913,False,True,False,0
TOI-1774.01,-0.3793355626938378,0.042135109911559346,1.5774727775369324,-0.14689611950302495,-0.5402544475275411,0.9673611581336556,0.7339497231391983,0.10023079143082045,-1.5587202861436407,0.24393014947632266,0.12013348546699863,-0.12579826377877945,0.12852536963788896,0.8392316918122348,2.8510771107149897,False,True,False,0
TOI-1775 b,1.3287585399826685,1.8640090795121125,0.4551153890275596,0.48986527796324086,-0.6632780636355639,0.3409358636527249,-0.08031941142161593,0.7466818571459923,0.10141973546986345,0.369257204763934,-0.9609481331566938,-1.012727229455753,-0.10094499345778252,-0.054645645955932305,0.3174343907938092,False,True,False,0
TOI-1776 b,-0.8696374476425108,-0.8563646482791013,-0.8357303245403792,-0.8537012706905798,1.0827552155997135,0.8918206671193677,0.24920180251910223,-1.503221361764655,0.10141973546986345,0.3608766721915102,-0.9609481331566938,1.6705127680112277,3.227817415569824,0.4031764007659695,-0.5906128611686973,False,True,False,0
TOI-1777.01,-0.5382051204973342,0.042135109911559346,1.2201062997062608,1.746386543583423,-0.16524238285034284,0.9731888816034626,0.38619376786524345,0.10023079143082045,-4.802230074154422,0.8957070236316524,0.12013348546699863,-0.12579826377877945,0.64708366528729,0.5491443854277356,0.22691029691631018,False,True,False,0
TOI-178 b,-0.8748275508446209,-0.8690175493385952,-0.9893177450650666,-0.14689611950302495,-0.16524238285034284,-0.7234483474365171,-0.5949649028571193,-1.7377183169750603,0.10141973546986345,-0.6775475001915572,0.12013348546699863,0.6642472045593081,2.304786356350146,-0.7292301543322361,-1.30041991111002,False,True,False,0
TOI-178 c,-0.6965399538920426,-0.7631932859319179,-0.7596367900585369,-0.14689611950302495,-0.16524238285034284,-0.7234483474365171,-0.5949649028571193,-1.7377183169750603,0.10141973546986345,-0.6775475001915572,-0.9532604416464809,2.0384955944318413,0.1313108707115417,-0.7292301543322361,-0.9289366162001833,False,True,False,0
TOI-178 d,-0.3937084940863096,-0.7470895936743802,-0.18382650249943863,-0.14689611950302495,-0.16524238285034284,-0.7234483474365171,-0.5949649028571193,-1.7377183169750603,0.10141973546986345,-0.6775475001915572,-0.7975846885646692,-0.6449153016396658,-0.8338064026947695,-0.7292301543322361,0.0023722198300097815,False,True,False,0
TOI-178 e,-0.5205050883089012,-0.7965509341796749,0.4069950735878204,-0.14689611950302495,-0.16524238285034284,-0.7234483474365171,-0.5949649028571193,-1.7377183169750603,0.10141973546986345,-0.6775475001915572,-0.951818999488316,-0.5546574700245755,-0.8338064026947695,-0.7292301543322361,0.9579601386562705,False,True,False,0
TOI-178 g,-0.31518471492308014,-0.7700948683280057,2.2725546684374773,-0.14689611950302495,-0.16524238285034284,-0.7234483474365171,-0.5949649028571193,-1.7377183169750603,0.10141973546986345,-0.6775475001915572,-0.9506177976898452,-1.0619146038821017,-0.8338064026947695,-0.7292301543322361,3.9752944453936667,False,True,False,0
TOI-1794 b,-0.19996951565276908,-0.6464415170647687,0.19922071467129765,0.5535414177098674,0.22330072430649894,0.7224868153551701,1.423506802761025,-0.05821309722485891,0.10141973546986345,0.5521051881622733,-0.9609481331566938,-0.7483836250172947,-0.6619684491370611,1.2891028069161259,-0.0379679679427091,False,True,False,0
TOI-1798.01,-0.4731977295507262,0.042135109911559346,0.07014707649699191,0.3301655194787012,-0.16524238285034284,0.2100869781985722,-0.23088715711737462,0.10023079143082045,-7.589003736454562,0.17193375601322652,0.12013348546699863,-0.12579826377877945,-0.31207812835873383,-0.21005541141040154,-0.03662500093189142,False,True,False,0
TOI-1801 b,-0.5919488545967575,-0.731618546469817,0.5250844086959219,-0.14689611950302495,-1.3295341529952946,-1.2215537685350983,-0.9497864347221248,-1.4842080951259735,0.10141973546986345,-1.0241968020509082,-0.9609481331566938,1.0390635208300136,-0.16385852122849806,-1.0590051286603392,1.148956450468115,False,False,True,0
TOI-1807 b,-0.7793066463894133,-0.826457791229388,-1.226157241250566,-1.6687558594473997,2.404411454490679,-0.06590520876774984,-0.3357909143644198,-0.0011732973088143684,0.10141973546986345,-0.07643475476951758,-0.9609481331566938,1.4411376069316748,1.282327660187044,-0.370861543777953,-1.0795196689117217,False,True,False,0
TOI-1824 b,-0.37799508132882964,-0.43651838585043606,2.635467939354698,2.7503682389684836,-1.2207570137968737,0.2100869781985722,-0.1312285877326818,0.5058471463893597,0.10141973546986345,0.21040801918662705,-0.9609481331566938,1.6532267135034384,0.7576181455681078,-0.13612193184877827,0.7053747471556636,False,True,False,0
TOI-1836 c,-0.42432125006629584,-0.666571132386691,-1.0139201380481944,-1.0737023335151745,3.3795796883684304,1.3888265177519477,2.439222005282414,-1.141969295629706,0.10141973546986345,1.6263370906275156,-0.9609481331566938,0.21118439582169274,-2.154016214377525,2.552502525989234,-0.8714556944324866,False,True,False,0
TOI-1860 b,-0.8394274864677551,0.042135109911559346,-1.1364934294226403,-1.4076836864862308,2.9982220313559513,0.8555348417413253,0.2627775828687197,-0.02652431949372305,0.10141973546986345,0.6290537145090743,0.12013348546699863,-0.12579826377877945,2.808530494176853,0.40070972822160555,-0.9577175699388838,True,False,False,0
TOI-1883 b,0.5572659625831285,0.042135109911559346,-0.5396765152674409,-0.5671586418307601,-1.2324217055896698,-1.6459879684115934,-1.1133128798425187,0.10023079143082045,0.10141973546986345,-1.267994113248694,0.12013348546699863,-0.12579826377877945,-0.8488672887815751,-1.2342439101030442,-0.2165342466281481,False,False,True,0
TOI-201 b,-0.20763288297082086,0.042135109911559346,-0.315285023574282,-0.14689611950302495,-0.16524238285034284,0.35742942064274413,0.04679925912480347,0.10023079143082045,0.10141973546986345,0.24393014947632266,0.12013348546699863,-0.12579826377877945,-0.017772285343091856,0.04761570204084408,-0.21024725726798763,False,True,False,0
TOI-201 c,-0.20763288297082086,0.042135109911559346,-0.315285023574282,-0.14689611950302495,-0.16524238285034284,0.35742942064274413,0.04679925912480347,0.10023079143082045,0.10141973546986345,0.24393014947632266,0.12013348546699863,-0.12579826377877945,-0.017772285343091856,0.04761570204084408,-0.21024725726798763,False,True,False,0
TOI-2019 b,0.45517004326182203,0.09260293118295013,1.3405546849680634,2.0180926318822783,-0.011392874564557768,0.7169889630251637,2.7486880891611976,2.3121074770641044,0.10141973546986345,1.3650168476873894,-0.9609481331566938,-0.8202653715459411,-2.166531353004217,2.3570426135983125,0.18058152371793365,False,True,False,0
TOI-2048 b,-0.4210630892866149,0.042135109911559346,1.07092295023072,-0.14689611950302495,-0.16524238285034284,0.23207838751859786,-0.20003311086824369,-0.15327943041826655,0.10141973546986345,0.01956043651461046,2.1621765428673068,-0.12579826377877945,-0.33163156124758314,-0.18016373639829936,2.0317893344238698,True,False,False,0
TOI-206 b,-0.8426456741383792,0.042135109911559346,-1.19372610079869,-1.700593929320713,-0.03459783477102686,-1.749347592215714,-1.557611145830004,0.10023079143082045,0.10141973546986345,-1.8089193974687807,0.12013348546699863,-0.12579826377877945,0.4969569271402736,-1.4707129847710583,-0.7308289754036917,False,True,False,0
TOI-2076 c,-0.07207771102029822,0.6849887535138065,2.3243740430849447,2.463825610108664,-1.1756846447095097,0.23977538078060684,-0.18152068311876512,-0.15327943041826655,0.10141973546986345,0.11746029429247141,-0.9609481331566938,3.0811803967659936,0.46097208932650297,-0.16390745140506108,0.6539484770728486,False,True,False,0
TOI-2076 e,-0.8249456419499465,0.042135109911559346,-0.7971340443508986,-0.8314146217792605,0.6746154262309741,0.23977538078060684,-0.18152068311876512,-0.15327943041826655,0.10141973546986345,0.11746029429247141,0.12013348546699863,-0.12579826377877945,2.1380486160258836,-0.16390745140506108,-0.5159999264776459,False,True,False,0
TOI-2128 b,-0.588811649400677,-0.7672192089963025,1.5135120422516621,1.986254562008965,-0.43732520714790885,1.0930420623976025,0.8101283633283021,-0.7236774295787125,0.10141973546986345,0.7627613023691094,-0.9609481331566938,0.3853755709510254,0.2945176941818772,0.9598826788017386,0.3286332142726818,False,True,False,0
TOI-216.02,1.3135400651798048,-0.3573838065719698,1.6556602426182387,-0.14689611950302495,-0.16524238285034284,0.35742942064274413,-0.3296201051145936,0.10023079143082045,0.10141973546986345,-0.20899954273331323,2.8828976219497684,-1.6792381410703348,-0.4964076810974413,-0.2388825971211094,2.977536603833284,False,True,False,0
TOI-220 b,-0.2858992071204004,-0.49978289114790614,0.534000483985034,0.7799100945091246,-0.3612092049693168,0.35632985017674285,0.009774403625846344,-1.655327494874107,0.10141973546986345,0.0005137715772834518,-0.19217898213540138,0.39565362981358965,0.04935436729098109,0.01905530340733868,0.1830233053222068,False,True,False,0
TOI-2274 b,-0.4725540920166013,0.042135109911559346,-0.8565897840222694,-0.46527681823615763,-0.46553820836408477,-1.1335881312549956,-0.6906124462294253,0.10023079143082045,0.10141973546986345,-0.8108741547528463,0.12013348546699863,-0.12579826377877945,-0.9946592815958215,-0.8928295739881679,-0.9353705955885181,False,False,True,0
TOI-2328 b,1.9494516382363904,0.5657220802289074,1.6454662786538026,1.986254562008965,-0.2461175792803956,0.6059323459590341,0.13936139787219629,0.29036345781763573,0.10141973546986345,0.4766803950104582,0.4084219170999834,-1.6133236775999296,0.3627820866911044,0.2082064548078632,0.4294621471610954,False,True,False,0
TOI-2368 b,2.2272106870648165,5.044156580131458,-0.42367987466433954,-0.25864774475835456,0.24535476825607883,0.4245032190688224,-0.027250451873110784,0.35374101327990753,0.10141973546986345,0.2747857466747924,0.5045180609776448,-1.1120112232847537,-0.125700643844749,0.01412550366182896,-0.29533981513852203,False,True,False,0
TOI-2374 b,0.9305757323755304,0.7321495665537388,-0.5731191707035259,-0.5576072208687661,-0.11236244672300066,-0.18905710095989353,-0.5085735733595531,0.6706287905912662,0.10141973546986345,-0.2851862024826213,2.1621765428673068,-1.034728949156205,-0.7745654643677972,-0.5270622753044997,-0.2957638542807814,False,True,False,0
TOI-2411 b,-0.7203545426546613,0.042135109911559346,-1.1856792188086693,-1.5987121057261107,1.3496122579741068,-0.9620551385587954,-0.5394276196086837,0.10023079143082045,0.10141973546986345,-0.666119501229161,0.12013348546699863,-0.12579826377877945,0.31334925073614717,-0.7601951820037793,-0.9225559960972249,False,True,False,0
TOI-2427 b,-0.6817362906071714,0.042135109911559346,-1.0948934516040947,-1.4140513004608937,0.6092931521913162,-0.9917435411408301,-0.6319897583560765,0.10023079143082045,0.10141973546986345,-0.704212831103815,0.12013348546699863,-0.12579826377877945,-0.25238209408169954,-0.8224691356390734,-0.7491541192990341,False,True,False,0
TOI-2445 b,-0.8587366124915,0.042135109911559346,-1.2570796611569253,-1.853416664712617,0.43198983694081594,-1.8043261155157782,-1.8044435158230512,0.10023079143082045,0.10141973546986345,-2.18985269621532,0.12013348546699863,-0.12579826377877945,0.36042814212182006,-1.596634712538867,-0.8613588057438888,False,True,False,0
TOI-2459 b,-0.3106470703075001,0.042135109911559346,1.992912516602178,-0.14689611950302495,-1.4809885112329588,-0.8564963738226723,-0.5545461022707578,0.10023079143082045,0.10141973546986345,-0.628026171354507,0.12013348546699863,-0.12579826377877945,1.001981567221107,-0.7403747191560587,3.523004494071841,False,True,False,0
TOI-2498 b,0.6892116570787187,0.0989293817126971,-0.6729350100270461,-0.49393108112213974,1.6233436920450546,1.0237691230395216,1.250107062840909,0.7783706348771282,0.10141973546986345,1.1242670028795765,1.1771910681212758,-1.1421097853133952,-0.5705569350298776,1.3018562041757742,-0.5558492269977602,False,True,False,0
TOI-2524 b,2.346250277580892,4.952759957684467,-0.07482932970263964,0.26699878885004763,0.556413216063974,0.9424009085554267,0.8150650107281632,0.10023079143082045,0.10141973546986345,0.6938123752959857,-0.9609481331566938,-1.1923655459861993,0.07638549742825523,0.8961754315367318,-0.18040299774201587,False,True,False,0
TOI-2525 b,1.5310094381501251,-0.12889225031070978,2.7182317890249097,2.7535520459558156,-0.16524238285034284,0.13421661604448368,-0.21546013399280917,0.6072512351289946,0.10141973546986345,0.09193776327645309,3.1231379816439224,-1.6600045711703453,0.006159484444625596,-0.2226147897624104,0.7568464646689441,False,True,False,0
TOI-2545 b,-0.3760084618978767,0.042135109911559346,0.06537879069432678,-0.14689611950302495,-0.16524238285034284,0.9592133409805862,1.2292497275764962,-2.009608029908206,0.10141973546986345,0.876660358694325,0.12013348546699863,-0.12579826377877945,-0.5012724998739606,1.251558632476349,0.405433951360863,False,True,False,0
TOI-270 b,-0.8490820494796276,-0.8540641208137386,-0.7385698428145386,-0.14689611950302495,-0.998879022975502,-1.6141004248975563,-1.4650490070826112,0.10023079143082045,0.10141973546986345,-1.6717834099200262,-0.5597467324674569,1.3423835173725538,0.8845731328823214,-1.405022206608806,-0.8948631817020131,False,True,False,0
TOI-270 c,-0.5111723440640912,-0.7183330003573483,-0.33945255968073745,-0.14689611950302495,-1.3441539000422658,-1.6141004248975563,-1.4650490070826112,0.10023079143082045,0.10141973546986345,-1.6717834099200262,-0.8552423748912661,0.3688505947492908,-0.7550146469729128,-1.405022206608806,-0.24933554799032148,False,True,False,0
TOI-270 d,-0.6173725371946883,-0.7758461869914121,0.653128298812181,-0.14689611950302495,-1.6738758547186345,-1.6141004248975563,-1.4650490070826112,0.10023079143082045,0.10141973546986345,-1.6717834099200262,-0.8023894957585522,0.5262586770212538,0.6889559800182364,-1.405022206608806,1.3560531433223777,False,True,False,0
TOI-2719 b,0.6634661557137257,0.042135109911559346,-0.7357906171046974,-0.14689611950302495,2.453869747692135,0.8665305464013381,2.576831051553538,1.4311594561385275,0.10141973546986345,0.7433337041330363,0.12013348546699863,-0.12579826377877945,-2.214787216674532,2.3200255964189815,-0.8903680944887064,False,True,False,0
TOI-2768 b,-0.4146267139453666,0.042135109911559346,-1.0598479879026759,-1.1975524253223633,-0.20567998106536922,-1.0621160509649121,-0.6103919259816848,0.10023079143082045,0.10141973546986345,-0.742306160978469,0.12013348546699863,-0.12579826377877945,-0.9828895587494031,-0.8284714017082195,-0.8973286519255412,False,False,True,0
TOI-277 b,-0.4081903386041183,0.042135109911559346,-0.6285666319471174,-1.2007362323096946,-0.16524238285034284,-1.0368259302468827,-1.5205862903310468,-0.34341209680508183,0.10141973546986345,-2.532692665087206,0.12013348546699863,-0.12579826377877945,-2.140637962742096,-1.3487655867513375,0.6620392277791427,False,True,False,0
TOI-3082 b,-0.08247756446024743,0.042135109911559346,-0.9871757461938534,-0.14689611950302495,0.3473197274475068,-0.7817255821345851,-0.5249262178715923,0.7973839015158098,0.10141973546986345,-0.6127888394046453,0.12013348546699863,-0.12579826377877945,-0.7447488331568702,-0.7018937411281737,-1.2969554671453525,False,True,False,0
TOI-3235 b,2.4075737029007436,5.18125151365816,-0.8716849663062833,-1.194686999033765,-0.9864366850631862,-1.7429700835129065,-1.496828674719216,1.3931329228611644,0.10141973546986345,-1.6416896793190496,-0.2642510900436475,-1.2003087088959907,-2.109683591656016,-1.4402277483972923,-0.2264045737326302,False,False,True,0
TOI-3321 b,3.745867292439342,4.166749004697858,-0.6878091588595997,-0.5607910278560976,2.161474806752713,0.963292747409451,2.141788999440792,-0.9328233626042091,0.10141973546986345,0.8233296968698094,0.3363498091917372,-1.633486366870175,-1.7126123752273454,2.0203864826171642,-0.5292895605309133,False,True,False,0
TOI-333 b,0.10993787636637073,-0.3186163532506054,-0.6647815216575812,-0.49711488810947096,1.6295648610012126,1.3932247996159528,0.7564423228548147,-0.2166569858805383,0.10141973546986345,1.4290136418768078,-0.9609481331566938,-0.6704946480774137,0.056769292684224495,1.0469460267560393,-0.5370855627756925,False,True,False,0
TOI-3568 b,0.44462939411128294,-0.13744981535330475,-0.5550151695205999,-0.5130339230461276,-0.06881426402989534,-0.005428833137679274,-0.41909683923707336,-0.34341209680508183,0.10141973546986345,-0.1709062128586592,-0.12010687422715513,-1.0438258033202337,-0.6552989395240905,-0.41213510002557513,-0.30404718175591294,False,True,False,0
TOI-4155 b,-0.22797182904916555,0.042135109911559346,-0.7453688836880957,-0.14689611950302495,1.0385538101662115,0.8247468686932894,0.2936316291178506,0.4171185687421793,0.10141973546986345,1.2766403223781917,0.12013348546699863,-0.12579826377877945,0.2960869905613994,0.41441247976162315,-0.9058598710264015,False,True,False,0
TOI-421 b,-0.4114085262747424,-0.7039547036988324,-0.4197645493661066,-0.29335124092026604,0.002729178965920562,0.34863285691473384,0.034457640625151095,-0.5588957853768057,0.10141973546986345,0.030988435477006665,2.1621765428673068,-0.20020349800403678,-0.051512157502824896,0.03515204795573881,-0.2581366924082195,True,False,False,0
TOI-421 c,0.37704745302817566,-0.49115591315279655,1.4660086212377417,1.6678738632758325,-0.8900085662427387,0.34863285691473384,0.034457640625151095,-0.5588957853768057,0.10141973546986345,0.030988435477006665,3.60361870103223,-1.3617780811401552,0.1901594849436335,0.03515204795573881,0.474383206159348,True,False,False,0
TOI-4308 b,-0.48256265567224255,0.042135109911559346,0.266129099015341,-0.14689611950302495,-0.491698223824729,0.29585347454667227,-0.1895427351435393,0.10023079143082045,0.10141973546986345,0.2862137456371886,0.12013348546699863,-0.12579826377877945,-0.3182925420216424,-0.15195778345307748,0.7301251561111041,False,True,False,0
TOI-431 d,-0.20222632768417229,-0.6119336050843305,0.840333958689366,1.0629505356828801,-0.8962297351988966,-0.13627771859183194,-0.38207198373811624,0.9875165679026251,0.10141973546986345,-0.1709062128586592,-0.9609481331566938,-0.5891825828901806,-0.4140196211725127,-0.4242606170012033,0.30306410367086245,False,True,False,0
TOI-444 b,-0.3695720865566284,0.042135109911559346,1.7949459445945293,2.1772829812488452,-0.9708837626727914,0.27606120615864915,-0.23397256174228773,0.22698590235536398,0.10141973546986345,0.5147737248851123,0.12013348546699863,-0.12579826377877945,-0.08839062242160249,-0.19163070587106676,0.4362549571576996,False,True,False,0
TOI-4504 b,-0.39499576915455925,0.042135109911559346,-0.9005664335346064,-0.9772329817990354,-0.16524238285034284,0.3750225480987646,0.20106949037045815,0.734006346053538,0.10141973546986345,0.24812041576253455,-0.9609481331566938,-0.12579826377877945,0.07607163815235087,0.17155646928524143,-0.633463134213914,False,True,False,0
TOI-451 b,-0.6463362262303058,0.042135109911559346,-0.9990081001460385,-1.156162934487056,1.7726517469928442,0.6334216076090662,0.07456790074902131,0.10023079143082045,0.10141973546986345,0.4766803950104582,-0.9609481331566938,-0.12579826377877945,0.2462618305115617,0.16652651359380533,-0.7318971691279959,False,True,False,0
TOI-451 c,-0.26337189342603123,0.042135109911559346,0.2732976624083714,0.5630928386718613,-0.14346829150379017,0.6334216076090662,0.07456790074902131,0.10023079143082045,0.10141973546986345,0.4766803950104582,-0.9609481331566938,-0.12579826377877945,0.1050251563545404,0.16652651359380533,0.042819062961305464,False,True,False,0
TOI-451 d,0.04879231062451193,0.042135109911559346,1.5176111399465513,1.788858528794423,-0.6193877166498698,0.6334216076090662,0.07456790074902131,0.10023079143082045,0.10141973546986345,0.4766803950104582,-0.9609481331566938,-0.12579826377877945,0.2560699328835768,0.16652651359380533,0.44310858990966395,False,True,False,0
TOI-4529 b,-0.691390853619044,-0.7557165716694898,-0.3014477757495405,-0.14689611950302495,-1.2757210415245288,-1.4040824658913111,-1.1565085445913021,-1.8010958724373323,0.10141973546986345,-1.306087443123348,0.12013348546699863,2.145881073637685,0.2399628492104226,-1.2090179067666635,-0.18786705419772085,False,False,True,0
TOI-469.01,-0.1636080756366824,-0.6349388797379558,1.0432747722179527,1.4768454440359526,-0.6380512235183435,0.34643371598273126,0.38619376786524345,1.241026789751712,-0.30051877351573025,0.290023078624654,0.12013348546699863,-0.808226411088606,0.6138695074146969,0.3015907951866646,0.22977595489825264,False,True,False,0
TOI-470 b,0.135683377731364,0.042135109911559346,0.793571144077151,1.7315500030224587,-0.8122439542907649,0.23757623984860426,-0.07353152124680719,0.35374101327990753,0.10141973546986345,0.17193375601322652,0.12013348546699863,-0.12579826377877945,0.06069253363303064,-0.08411152524747695,-0.11284014672536252,True,False,False,0
TOI-480 b,-0.34262936145078493,-0.29848673792868313,-0.13028442427527187,0.3943510683433009,0.8641744443251057,1.3195535783938668,1.9526536959336198,0.7593573682384467,0.10141973546986345,1.7310937477828146,-0.9609481331566938,2.1972314498226515,-1.3544204766013452,2.075077744810026,-0.336382940664038,False,True,False,0
TOI-5076 b,-0.13806992532149517,-0.4323290367657034,2.7455663933503778,2.658037836335876,-1.1544082468794497,-0.21324765121192177,-0.03342126112293697,0.23966141344781833,0.10141973546986345,-0.1366222159714706,-0.9609481331566938,-0.128412998853764,0.580042452122769,-0.2075648077993121,0.8273128473320613,False,True,False,0
TOI-5108 b,0.862993791292423,0.023587107222073706,-0.14982140950085024,0.26699878885004763,0.8052599743102902,0.9171107878373972,1.342669201588302,0.9875165679026251,0.10141973546986345,1.0480803431302685,0.12013348546699863,-1.3419790023437101,-0.5944887048175954,1.3249097984549376,-0.28009448892301647,False,True,False,0
TOI-5143 c,3.969517432976983,0.042135109911559346,-0.41765917312581374,-0.27361163759881174,-0.16524238285034284,0.22987924658659528,-0.00873802412363222,0.39810530210349776,0.10141973546986345,0.14907775808843413,0.12013348546699863,-0.12579826377877945,-0.10400512139785131,-0.03845370894211226,-0.271970564991292,False,True,False,0
TOI-5174 b,0.46104215123146614,0.042135109911559346,0.7975276373067787,-0.14689611950302495,-0.16524238285034284,0.7365283302060069,0.7396885757415365,2.3501340103414674,0.10141973546986345,0.6671470443837283,0.12013348546699863,-0.12579826377877945,0.12122814147310965,0.7422243660403315,1.5896029474201925,False,True,False,0
TOI-5238 b,0.4188838927462897,0.042135109911559346,-0.47621735474131666,-0.14689611950302495,-0.16524238285034284,0.7224868153551701,0.5183416479502709,0.10023079143082045,0.10141973546986345,0.6671470443837283,0.12013348546699863,-0.12579826377877945,0.4026814471404629,0.5570042916881115,-0.4705373306776502,False,True,False,0
TOI-530 b,1.7330160179460035,2.759241018956687,-0.21331405258390318,-0.40160067848953124,-1.1077494797082652,-1.44586614359936,-0.9713842670965165,2.102961544038608,0.10141973546986345,-1.1232394597250088,-0.9609481331566938,-1.131662485806612,-1.1939817175782226,-1.1198082080278027,0.23041939483841536,False,False,True,0
TOI-5319 b,-0.3502629605328834,0.042135109911559346,-0.6139019659513075,-0.44617397631216976,-0.7033734975580015,-1.5327322104134613,-1.1410815214667367,0.10023079143082045,0.10141973546986345,-1.2375194493489707,0.12013348546699863,-0.12579826377877945,-1.565098515552235,-1.2259735107097773,-0.48063006945995984,False,False,True,0
TOI-5398 b,2.053723229423361,0.7913881487868245,0.5158336813222728,1.0629505356828801,0.08049379091789437,1.1282283173096435,0.6052574962340728,0.29036345781763573,0.10141973546986345,1.2233096605536762,2.1621765428673068,-1.6020415792299783,0.4412469056672273,0.7991708525638034,-0.018268320696927035,True,False,False,0
TOI-5398 c,-0.1282080112598167,-0.5572960777819699,-0.49347232155320875,-0.24241032912296467,0.9981162119511852,1.1282283173096435,0.6052574962340728,0.29036345781763573,0.10141973546986345,1.2233096605536762,2.402416902561461,-0.6228162874569333,0.28039402676617575,0.7991708525638034,-0.42796187835920024,True,False,False,0
TOI-544 b,-0.6115797993875649,-0.8135173242367237,-1.0528492660808022,-1.340823739752273,0.24224418377799986,-0.8850852059387057,-0.71529568322873,-1.35745298420143,0.10141973546986345,-0.7384968279910036,-0.9609481331566938,-0.2565010797209127,-1.13393433527844,-0.8444117079870975,-0.679082534053604,False,True,False,0
TOI-5489 b,-0.8104637974321377,0.042135109911559346,-0.774602625581955,-0.14689611950302495,-0.9242249955016072,-1.5690180357915038,-1.3416328220860876,0.10023079143082045,0.10141973546986345,-1.5803594182208567,0.12013348546699863,-0.12579826377877945,0.5707138569778297,-1.335240988708056,-0.953142183837082,False,True,False,0
TOI-5489 c,-0.8490820494796276,0.042135109911559346,-0.4677011618030898,-0.14689611950302495,-1.1979564295725549,-1.5690180357915038,-1.3416328220860876,0.10023079143082045,0.10141973546986345,-1.5803594182208567,0.12013348546699863,-0.12579826377877945,1.5863973470576418,-1.335240988708056,-0.45676333965305504,False,True,False,0
TOI-5704 b,-0.22237218250227958,0.042135109911559346,-0.6672336071726005,-0.14689611950302495,0.08693270078751796,-0.42216603975216555,-0.30030876117791944,2.432524832442421,0.10141973546986345,-0.36137286223192927,0.12013348546699863,-0.12579826377877945,-0.45913689208378317,-0.4545843807180763,-0.7794847870851049,False,True,False,0
TOI-5728 b,-0.8394274864677551,0.042135109911559346,0.6731952799518394,-0.14689611950302495,-1.6769864391967135,-1.709763055439668,-1.4959030533317421,-1.0405652068900713,0.10141973546986345,-1.7708260675941265,0.12013348546699863,-0.12579826377877945,3.3703821896119917,-1.4348252480404424,1.3885092443188314,False,True,False,0
TOI-5736 b,-0.7589727947021512,0.042135109911559346,-1.2088748586434848,-0.14689611950302495,1.2127465409386329,-1.1269907084589879,-0.8479680820999931,0.10023079143082045,0.10141973546986345,-0.9708661402263932,0.12013348546699863,-0.12579826377877945,0.5707138569778297,-0.9804053126711412,-1.655529023098366,False,True,False,0
TOI-5786 b,1.487322199393509,1.20260743322038,0.8955154678097874,1.5723596536558926,0.3697781473792369,1.386627376819945,1.5586475253322185,0.22698590235536398,0.10141973546986345,1.54329363150077,0.12013348546699863,-1.3153349314655767,-0.7082626923329737,1.7624406050664745,0.04958937617579402,False,True,False,0
TOI-5789 c,-0.340608397521011,-0.7528409123377865,0.9213024146722406,1.1552809383154885,-0.6318300545621857,0.23207838751859786,-0.067360711996981,-1.0405652068900713,0.10141973546986345,-0.014723560372578154,0.6486622767941373,-0.879418695390254,-0.002471645642748276,-0.08135723673450108,0.3194112948498303,False,True,False,0
TOI-5799 b,-0.7032981480003533,0.042135109911559346,-0.5989862675209071,-0.9492154803105197,-1.2943845483930023,-1.6734772300616256,-1.6470878799524837,-0.2166569858805383,0.10141973546986345,-1.9041527221554155,0.12013348546699863,-0.12579826377877945,-0.25580403202038104,-1.504375132296177,0.17707327447139987,False,False,True,0
TOI-5799 c,-0.694609041289668,0.042135109911559346,1.109134527985021,0.43255675219127704,-1.8169627407102664,-1.6734772300616256,-1.6470878799524837,-0.2166569858805383,0.10141973546986345,-1.9041527221554155,0.12013348546699863,-0.12579826377877945,2.0970943396769575,-1.504375132296177,1.1786529593668489,False,False,True,0
TOI-5803 b,-0.20763288297082086,0.042135109911559346,-0.3875876386727807,-0.14689611950302495,-0.7535472251894151,0.17600029375253243,-0.28488173805335393,0.10023079143082045,0.10141973546986345,0.17193375601322652,0.12013348546699863,-0.12579826377877945,-0.4395206873397524,-0.26058763147348485,-0.32718866273464625,False,True,False,0
TOI-6000 b,-0.9585004302808489,0.042135109911559346,-1.2435771868560466,-0.14689611950302495,0.6186249056255531,-1.709763055439668,-1.4650490070826112,0.10023079143082045,0.10141973546986345,-1.7327327377194726,0.12013348546699863,-0.12579826377877945,1.747686141619672,-1.419673337459808,-1.7116561635705854,False,True,False,0
TOI-6109 b,0.30637605178126925,0.042135109911559346,-0.33425391563447654,-0.15007992649035615,-0.16524238285034284,0.7543743588692072,0.5126953574866799,0.10023079143082045,0.10141973546986345,0.7814270340076903,0.12013348546699863,-0.12579826377877945,0.4094686539818967,0.5655593245300076,-0.23826170705045255,True,False,False,0
TOI-6109 c,0.29421130238631,0.042135109911559346,0.1599003958738258,0.4452919801406023,-0.16524238285034284,0.7543743588692072,0.5126953574866799,0.10023079143082045,0.10141973546986345,0.7814270340076903,0.12013348546699863,-0.12579826377877945,0.4828332597245722,0.5655593245300076,-0.008666703976882458,True,False,False,0
TOI-6223 b,0.37061107768692747,0.042135109911559346,-0.6526430191654362,-0.7779266643920941,-0.6442723924745014,-1.1863675136230571,-0.8603097005996454,-1.0405652068900713,0.10141973546986345,-0.9251541443768083,0.12013348546699863,-0.12579826377877945,-1.2489637598974361,-1.0011898872903788,-0.22228299373833932,False,False,True,0
TOI-6324 b,-0.9202039970004215,-0.8629786647420185,-1.2730241415087944,-0.14689611950302495,0.9172410155211325,-1.8988891755918886,-1.7334792094500504,-2.3081163161355063,0.10141973546986345,-2.117475369453478,-0.9609481331566938,2.604245764045331,1.4102874200223443,-1.573828849117106,-1.7592833242080546,False,True,False,0
TOI-669 b,-0.4287658633126935,-0.6090579457526272,-0.6370410150603709,-0.5289529579827843,0.6337112403442356,0.6851014195111265,0.41149408578953073,-0.2736967857965829,0.10141973546986345,0.3795424038300907,-0.9609481331566938,0.7665313044847811,0.3988759034201204,0.4556959629702573,-0.453906910949468,False,True,False,0
TOI-7510 b,1.091485115906738,-0.37612953988466913,0.6789652092829009,1.187119008188802,-0.13413653806955333,0.8203485868292842,0.5558910222354633,1.3044043452139837,0.10141973546986345,0.9071350225940482,0.4132267242938665,-1.635378478015309,0.5193194005484688,0.6281966758452118,0.0674560068509634,True,False,False,0
TOI-762 A b,1.422791628004932,1.3974313445827935,-0.71918073599065,-0.9689550836319738,-1.1376110906978234,-1.8779973367378642,-1.3262057989615221,1.9825441886602915,0.10141973546986345,-1.458460762621964,1.0330468523047835,-1.2234771500473196,-1.5842918821051162,-1.3803067326959089,-0.12763566108728686,False,True,False,0
TOI-763 b,-0.5272632824172121,-0.6150968303492039,-0.3489612588790144,-0.14689611950302495,0.363556978423079,0.5234645610089379,0.130105183997457,-0.2166569858805383,0.10141973546986345,0.3509724064241004,1.3305619921751105e-05,1.8855548280019017,0.08815522027467411,0.17104682619756298,-0.26471480705157896,True,False,False,0
TOI-763 c,-0.4146267139453666,-0.6286124292082089,0.8078350602983208,1.161648552290151,-0.3767621273597116,0.5234645610089379,0.130105183997457,-0.2166569858805383,0.10141973546986345,0.3509724064241004,1.3305619921751105e-05,0.46903513860310203,0.24940042327060627,0.17104682619756298,0.20622974371620273,True,False,False,0
TOI-776 b,-0.6823799281412963,-0.7528409123377865,0.10919808953757354,0.02184565082553542,-1.247725781221818,-1.3732944928432753,-0.9497864347221248,-1.6109632060505168,0.10141973546986345,-1.077527463875424,0.28830173725290636,2.0400313651963056,0.2911611435923428,-1.0924581009355585,0.2884986897893732,False,True,False,0
TOI-776 c,-0.6022470551427548,-0.698203385035426,1.3962299316896212,1.1298104824168376,-1.5587842290297134,-1.3732944928432753,-0.9497864347221248,-1.6109632060505168,0.10141973546986345,-1.077527463875424,1.1771910681212758,1.788222351052817,0.9974316975096446,-1.0924581009355585,0.7970752982081224,False,True,False,0
TOI-833 b,-0.8523002371502517,0.042135109911559346,-1.1407148338669328,-1.5127493170681647,0.6124037366693952,-1.1588782519730252,-0.7862599896017312,0.10023079143082045,0.10141973546986345,-0.8184928207277771,0.12013348546699863,-0.12579826377877945,1.6186115144039501,-0.9531150332457111,-0.8118664671510434,False,True,False,0
TOI-836 b,-0.7126308922451633,-0.7663565111967915,-0.6593202737438429,-0.7136137632480013,-0.15591062941610598,-0.4639497174602143,-0.58570868898238,-2.079957116471328,5.243553060425599,-0.5594581775801297,0.31232577322232175,2.2900479640854368,0.269408952109518,-0.6539412457413388,-0.31496036111060954,False,True,False,0
TOI-849 b,-0.08958975921232681,0.30540172172898583,-1.1886538230450037,-1.563690228865466,-0.16524238285034284,0.31124746107069023,0.3553397216161125,0.10023079143082045,0.10141973546986345,0.5528670547597663,-0.9609481331566938,2.0694018856841434,0.19996758731564862,0.2643957131441778,-1.0061203465464312,False,True,False,0
TOI-880 c,0.3319928256394376,0.042135109911559346,-0.21337073005203092,-0.035462874946428365,-0.3612092049693168,0.08363637460842464,-0.07661692587172028,1.1776492342894402,0.10141973546986345,0.17193375601322652,0.12013348546699863,-0.12579826377877945,-0.16097057997451644,-0.13790767691121397,-0.14419595429950668,False,True,False,0
TOI-880.02,-0.5562269714528294,0.042135109911559346,-0.8746183193385425,-0.9460316733231883,0.5097544488927898,0.08363637460842464,-0.07661692587172028,1.1776492342894402,0.10141973546986345,0.17193375601322652,0.12013348546699863,-0.12579826377877945,-0.273175271110372,-0.13790767691121397,-0.5951248380243835,False,True,False,0
TOI-904 b,-0.4802777424260993,0.042135109911559346,0.5655636056295823,-0.274248398996278,-1.5294514174014289,-1.3235939077800176,-1.0114945272203868,-0.14060391932581223,0.10141973546986345,-1.020387469063443,0.12013348546699863,-0.12579826377877945,0.6174930563465801,-1.1149176729584396,1.4324311447311424,False,True,False,0
TOI-913 b,-0.47165299946882666,0.042135109911559346,0.6039807628137314,-0.14689611950302495,-0.6504624555858786,-0.005428833137679274,-0.3774438768007464,-1.1229560289910245,0.10141973546986345,-0.018532893360043556,0.12013348546699863,-0.12579826377877945,-0.5572179158039364,-0.3824067323854811,1.2765624924371757,False,True,False,0
WASP-108 b,3.60879140130513,0.042135109911559346,-0.315285023574282,-0.14689611950302495,2.0774890258445815,0.35742942064274413,0.04679925912480347,0.10023079143082045,0.10141973546986345,0.24393014947632266,0.12013348546699863,-0.12579826377877945,-0.017772285343091856,0.04761570204084408,-0.21024725726798763,False,False,False,0
WASP-126 c,-0.20763288297082086,0.9495494120304997,0.0022239224213275034,-0.14689611950302495,-0.16524238285034284,0.9083142241093869,1.28096110909004,0.10023079143082045,0.10141973546986345,1.1242670028795765,0.2402536653140757,-0.12579826377877945,-0.567026018175952,1.268928829032717,0.30328800480215307,False,True,False,0
WASP-18 c,-0.20763288297082086,0.690740072177213,-0.9474663011000534,-0.9428478663358568,-0.16524238285034284,1.5680565037101566,1.1575449240935163,0.10023079143082045,0.10141973546986345,1.5052003016261157,-0.600587593615463,-0.12579826377877945,-0.5081774039438598,1.493171787611274,-0.8006579546177888,False,True,False,0
pi Men c,-0.6112901624972087,0.042135109911559346,-0.23409008324907296,-0.14689611950302495,-0.16524238285034284,1.1260291763776409,0.9724206465987306,0.29036345781763573,0.10141973546986345,0.9338003535063064,-0.9609481331566938,-0.12579826377877945,-0.1747019232953373,1.1145557219353759,-0.07892350880500033,False,True,False,0
